Coral Halter Top,Coral Halter Top.jpg,$390.00
Tube Dress,Tube Dress.jpg,$799.00
Beige Silver Tote,Beige Silver Tote.jpg,$300.00
Rouge Cross-Tote,Rouge Cross-Tote.jpg,$200.00
Loose Top with Symmentrical Skirt,Loose Top with Symmentrical Skirt.jpg,$198.00
53mm_Retro Sunglasses,53mm_Retro_Sunglasses.jpg,$300.00
Pop of Color Wedge Sandals,Pop of Color Wedge Sandals.jpg,$300.00
White Diamond Studs,White Diamond Studs.jpg,$221.99
Gold Tone Watch,Gold Tone Watch.jpg,$250.00
Coral Tote,Coral Tote.jpg,$1599.00
Gold Ring with Diamonds,Jewelry_Nice1.jpg,$200.00
Red Riding,Red Riding.jpg,$1599.00
Yellow Blue Hobo,Yellow Blue Hobo.jpg,$300.00
Black Sequined Wedged,Black Sequined Wedged.jpg,$299.00
White Fleece Jacket,White Fleece Jacket.jpg,$198.00
Snowflake Pendant,Snowflake Pendant.jpg,$234.50
Brown Leather Briefcase Hobo,Brown Leather Briefcase Hobo.jpg,$200.00
Safari Sleeveless Dress,Safari Sleeveless Dress.jpg,$1199.00
Blue Bead Bracelet,Blue Bead Bracelet.jpg,$200.00
Hot Pink Tote,Hot Pink Tote.jpg,$1599.00
Brown Leather Gloves,Accessories_Nice1.jpg,$2000.00
Black Bow High Heeled Pumps,Black Bow High Heeled Pumps.jpg,$260.00
Leather Briefcase Tote,Accessories_Nice2.png,$400.00
Brown Cropped Skinny,Brown Cropped Skinny.jpg,$198.00
Black Rose Pin,Black Rose Pin.jpg,$400.00
Beige Flared Dress Pants,Beige Flared Dress Pants.jpg,$390.00
Sequined Clutch,Sequined Clutch.jpg,$89.00
Agave Necklace,Agave Neclace.jpg,$200.00
Pandora Bangle,Pandora Bangle.jpg,$200.00
Hobo Tote Bag,Handbags_Nice1.jpg,$200.00
Leopard Print Scarf,Leopard Print Scarf.jpg,$2000.00
Stacked Gold Ring,Stacked Gold Ring.jpg,$191.00
Leopard Print Flats,Leopard Print Flats.jpg,$374.99
Charmed Bracelet,Charmed Bracelet.jpg,$234.50
Wedge Sandal,Wedge Sandal.jpg,$374.99
Gold Bracelets,Jewelry_Nice2.jpg,$169.00
Hair Accessory,Hair Accessory.jpg,$400.00
Multi-color Lace Up Sandals,Multi-color Lace Up Sandals.jpg,$428.00
Butterfly Sequined Top,Butterfly Sequined Top.jpg,$285.00
Pink Ruffle Tote,Pin Ruffle Tote.jpg,$700.00
Ruched Dress,Ruched Dress.jpg,$295.00
White Flower Hat,White Flower Hat.jpg,$250.00
Polka Dots Tank,Polka Dots Tank.jpg,$390.00
Long Leather Boots,Long Leather Boots.jpg,$428.00
Polka Dots Sari,Accessories_Nice3.jpg,$300.00
Wide Belt,Accessories_Nice4.jpg,$250.00
Animal Print Hat,Animal Print Hat.jpg,$250.00
Laced Beige Top,Laced Beige Top.jpg,$1199.00
Square Sunglasses,Accessories_Nice5.png,$599.00
Triangle Black Diamond Pendant,Triangle Black Diamond Pendant.jpg,$200.00
Gold Evening Clutch,Handbags_Nice2.jpg,$1599.00
White Bomber Jack with Faux Fur,White Bomber Jack with Faux Fur.jpg,$285.00
Ankle Wrap Sandal Lime Green,Ankle Wrap Sandal Lime Green.jpg,$374.99
Royal Blue Jeweled Earlings,Royal Blue Jeweled Earlings.jpg,$300.00
Garnet Flower Ring,Garnet Flower Ring.jpg,$200.00
Shoe Art,Shoe Art.jpg,$300.00
Evening Clutch,Handbags_Nice3.jpg,$300.00
Jacquard Scarf,Jacquard Scarf.jpg,$599.00
Black and White Heeled Shoe,Black and White Heeled Shoe.jpg,$305.67
Skater Dress,Skater Dress.jpg,$799.00
Metallic Beige Tote-Cross,Metallic Beige Tote-Cross.jpg,$260.00
Red Ruffled Pumps,Red Ruffled Pumps.jpg,$428.00
Polka Dots Black&White Dress,Polka Dots Black&White Dress.jpg,$198.00
Cut-Out Dress,Cut-Out Dress.jpg,$285.00
Faux Fur Hat,Faux Fur Hat.jpg,$2000.00
Metallic iPhone Case,Metallic iPhone Case.jpg,$300.00
Black Gladiator,Black Gladiator.jpg,$577.00
Gold Studded Ring,Jewelry_Nice3.png,$200.00
Silver Buckled Belt,Accessories_Nice6.jpg,$150.00
Open Toe Sandal,Open Toe Sandal.jpg,$577.00
Gold Necklace with Ring,Jewelry_Nice4.jpg,$300.00
Gold Strappy Sandals,Gold Strappy Sandals.jpg,$305.67
One Shoulder Dress,One Shoulder Dress.jpg,$270.00
Open Toe Pumps with Rhinestones,Open Toe Pumps with Rhinestones.jpg,$388.76
Plumeria Earrings,Jewelry_Nice5.jpg,$111.00
Low Heel Pumps,Low Heel Pumps.jpg,$511.00
Aviator Glasses,Accessories_Nice7.jpg,$100.00
Blush Document/iPad Holder,Accessories_Nice8.jpg,$800.00
Black Straw Hat,Accessories_Nice9.jpg,$299.00
Open Toe Strappy Sandal,Open Toe Strappy Sandal.jpg,$299.00
Silver Cross Pendant,Jewelry_Nice6.jpg,$203.00
Multi-color Polka Dots Dress,Multi-color Polka Dots Dress.jpg,$300.00
Maxi Dress,Maxi Dress.jpg,$245.00
Flap zippered Handbag,Handbags_Nice4.jpg,$260.00
Gold Chain Links,Jewelry_Nice7.jpg,$234.50
Black Clutch with Gold Chain Strap,Handbags_Nice5.jpg,$200.00
Black Tassel Clutch,Handbags_Nice6.jpg,$485.00
Batwing Tote Handbag,Handbags_Nice7.jpg,$89.00
Jewelry_Nice7,Jewelry_Nice8.jpg,$191.00
Long Sleeve Shirtdress,Long Sleeve Shirtdress.jpg,$285.00
Patent Studded Sandal,Patent Studded Sandal.jpg,$300.00
Striped Platform Sandal,Striped Paltform Sandal.jpg,$260.00
Bucket Handbag,Handbags_Nice8.jpg,$79.00
Tote Handbag,Handbags_Nice9.jpg,$700.00
Jewelry_Nice3,Jewelry_Nice9.jpg,$221.99
Black Leather Gloves,Accessories_Trendy1.jpg,$2000.00
Paisley Scarf,Accessories_Trendy2.jpg,$599.00
Pink Keychain Holder,Accessories_Trendy3.png,$100.00
Black Knotted Belt,Accessories_Trendy4.jpg,$150.00
Pleated Skirtsuit,Pleated Skirtsuit.jpg,$300.00
Oversized Blue Crystal Ring,Jewelry_Trendy1.jpg,$111.00
Black Wide Belt,Accessories_Trendy5.jpg,$250.00
Hobo Bag,Handbags_Trendy1.jpg,$260.00
Heart Shaped Key Holder,Jewelry_Trendy2.jpg,$221.99
Buttoned Long Sleeve Shirt,Buttoned Long Sleeve Shirt.jpg,$245.00
Black Dress with Blazer,Black Dress with Blazer.jpg,$285.00
Multi-color Scarf,Accessories_Trendy6.jpg,$300.00
Crystallized iPhone case,Accessories_Trendy7.jpg,$800.00
Jeweled Necklace,Jewelry_Trendy3.jpg,$200.00
Flap Handbag,Handbags_Trendy2.jpg,$89.00
Strappy Sandals with Bow,Strappy Sandals with Bow.jpg,$374.99
Bracelet Link Watch,Accessories_Trendy8.png,$299.00
Long Black Boots,Long Black Boots.jpg,$428.00
Wool Jacket,Wool Jacket.jpg,$295.00
Shoulder strap tote bag,Handbags_Trendy3.jpg,$300.00
Flower Design Small Handbag,Handbags_Trendy4.jpg,$700.00
Wool Short Sleeve Cover Up,Wool Short Sleeve Cover Up.jpg,$1199.00
Flower Design Sneakers,Flower Design Sneakers.jpg,$305.67
Shoulder bag,Handbags_Trendy5.jpg,$1599.00
Men's Black Briefcase,Accessories_Trendy9.jpg,$400.00
Sparkle Ring with Twisted Band,Jewelry_Trendy4.jpg,$191.00
High Leather Sneakers,High Leather Sneakers.png,$577.00
Flower Design Sandal,Flower Design Sandal.jpg,$299.00
Jeweled Clutch Bag,Handbags_Trendy6.jpg,$79.00
Orange Jeweled Clutch Bag,Handbags_Trendy7.jpg,$200.00
Wedge Sandal,Wedge Sandal.jpg,$300.00
Turtleneck Sweater,Turtleneck Sweater.jpg,$198.00
Faux Leather Tote,Handbags_Trendy8.jpg,$485.00
Bowling bag purse,Handbags_Trendy9.jpg,$200.00
Wind Charms Earrings,Jewelry_Trendy5.png,$200.00
Pink Pumps,Pink Pumps.jpg,$511.00
Yellow Pointed Pumps,Yellow Pointed Pumps.jpg,$388.76
Charmed Bracelet,Jewelry_Trendy6.jpg,$169.00
Wool Sweater,Wool Sweater.jpg,$799.00
White Suit,White Suit.jpg,$390.00
Gold Comb Headband,Jewelry_Trendy7.jpg,$300.00
Bead Bracelet,Jewelry_Trendy8.png,$234.50
Lace Flats,Lace Flats.jpg,$260.00
Rhinestone Drop Earrings,Jewelry_Trendy9.jpg,$203.00
Trenchcoat,Trenchcoat.jpg,$270.00
MCM,wowcoolbag1.jpg,$189